source,polarity,subjectivity,(ukraine:length)*100,(war:length)*100,(russia:length)*100,(putin:length)*100,(zelensky:length)*100,link
BBC,0.07627,0.36252,0.3006,0.2147,0.1718,0.0143,0.0286,https://www.bbc.co.uk/news/world-europe-64779505
BBC,0.04446,0.44867,0.2651,0.2121,0.106,0.0177,0.0,https://www.bbc.co.uk/news/uk-england-suffolk-64760034
BBC,0.02919,0.3236,0.2046,0.1508,0.3661,0.0108,0.0215,https://www.bbc.co.uk/news/world-europe-64718740
BBC,0.08788,0.44437,0.1635,0.1635,0.1144,0.0,0.0,https://www.bbc.co.uk/news/uk-england-merseyside-64746740
BBC,0.06359,0.23566,0.542,0.3523,0.0813,0.0,0.0542,https://www.bbc.co.uk/news/world-europe-64779730
BBC,0.10526,0.50724,0.1883,0.2173,0.1159,0.0,0.0,https://www.bbc.co.uk/news/newsbeat-64732658
BBC,0.02111,0.3793,0.324,0.162,0.0972,0.0,0.0,https://www.bbc.co.uk/news/uk-england-lancashire-64784173
BBC,0.0231,0.18173,0.385,0.33,0.055,0.0,0.0,https://www.bbc.co.uk/news/uk-northern-ireland-64577052
BBC,0.07227,0.47396,0.3089,0.1359,0.1112,0.0,0.0,https://www.bbc.co.uk/news/uk-scotland-glasgow-west-64756904
BBC,-0.01094,0.31725,0.2552,0.237,0.2552,0.0365,0.0,https://www.bbc.co.uk/news/uk-england-london-64756620
BBC,0.08621,0.24962,0.4017,0.4017,0.0927,0.0,0.0,https://www.bbc.co.uk/news/world-europe-64740093
BBC,-0.01384,0.40389,0.3193,0.2702,0.0983,0.0,0.0,https://www.bbc.co.uk/news/uk-england-derbyshire-64736765
BBC,0.05608,0.4632,0.2947,0.1842,0.1351,0.0123,0.0,https://www.bbc.co.uk/news/uk-england-northamptonshire-64765698
BBC,0.04708,0.37927,0.3148,0.2421,0.2906,0.0847,0.1211,https://www.bbc.co.uk/news/world-europe-64762219
BBC,0.0788,0.44824,0.1443,0.1122,0.0802,0.0,0.0,https://www.bbc.co.uk/news/uk-england-wiltshire-64735323
BBC,0.00593,0.16185,0.4278,0.3137,0.1711,0.057,0.0,https://www.bbc.co.uk/news/world-europe-64766558
BBC,0.07999,0.43767,0.1723,0.2369,0.2369,0.0323,0.0108,https://www.bbc.co.uk/news/world-asia-china-64754510
BBC,0.0053,0.34271,0.3523,0.2082,0.3684,0.048,0.0,https://www.bbc.co.uk/news/world-europe-64748349
BBC,-0.01344,0.35057,0.227,0.2794,0.1048,0.0,0.0,https://www.bbc.co.uk/news/uk-england-coventry-warwickshire-64746180
BBC,-0.00185,0.13519,0.3675,0.2887,0.0525,0.0,0.0,https://www.bbc.co.uk/news/world-africa-64759647
BBC,0.09599,0.42451,0.2919,0.2233,0.1889,0.0172,0.0,https://www.bbc.co.uk/news/uk-england-sussex-64757909
BBC,0.03147,0.32931,0.3214,0.1607,0.1607,0.0,0.0,https://www.bbc.co.uk/news/world-europe-isle-of-man-64758915
BBC,-0.02498,0.38287,0.2772,0.1294,0.1109,0.0,0.0,https://www.bbc.co.uk/news/uk-england-derbyshire-64747949
BBC,0.04602,0.39101,0.2263,0.1414,0.1273,0.0,0.0,https://www.bbc.co.uk/news/uk-england-cambridgeshire-64734953
BBC,0.12352,0.43199,0.3983,0.1572,0.1572,0.021,0.0629,https://www.bbc.co.uk/news/uk-politics-64749277
BBC,0.11852,0.3938,0.1894,0.1296,0.0997,0.0,0.0,https://www.bbc.co.uk/news/uk-england-london-64692538
BBC,-0.00604,0.37895,0.2877,0.1439,0.3237,0.0,0.0,https://www.bbc.co.uk/news/world-asia-india-64753820
BBC,-0.00403,0.39454,0.3321,0.2491,0.2906,0.083,0.0,https://www.bbc.co.uk/news/world-europe-64739975
BBC,0.06825,0.27103,0.3004,0.2731,0.0546,0.1365,0.0,https://www.bbc.co.uk/news/world-europe-64750155
BBC,0.0424,0.403,0.3606,0.2333,0.1061,0.0,0.0,https://www.bbc.co.uk/news/uk-england-bristol-64729779
BBC,0.06353,0.36524,0.244,0.1789,0.1464,0.0,0.0,https://www.bbc.co.uk/news/uk-wales-64744422
BBC,0.02839,0.43095,0.2711,0.1479,0.2341,0.0246,0.0,https://www.bbc.co.uk/news/world-europe-64744125
BBC,0.02368,0.34036,0.1738,0.2528,0.3318,0.0632,0.0,https://www.bbc.co.uk/news/world-europe-64735708
BBC,0.01776,0.39932,0.2196,0.1943,0.245,0.0338,0.0084,https://www.bbc.co.uk/news/world-europe-64733014
BBC,0.03318,0.51856,0.2694,0.2694,0.101,0.0337,0.0,https://www.bbc.co.uk/news/uk-england-manchester-64751338
BBC,0.09922,0.35154,0.3433,0.1452,0.132,0.0396,0.0132,https://www.bbc.co.uk/news/world-europe-64748450
BBC,0.07097,0.4684,0.3327,0.2033,0.1109,0.0,0.0,https://www.bbc.co.uk/news/uk-england-leeds-64760778
BBC,0.055,0.378,0.2913,0.1456,0.1092,0.0,0.0,https://www.bbc.co.uk/news/uk-england-wiltshire-64705174
BBC,0.04032,0.36708,0.1641,0.101,0.0884,0.0,0.0,https://www.bbc.co.uk/news/uk-scotland-64753071
BBC,0.12133,0.42883,0.1513,0.1765,0.0883,0.0252,0.0,https://www.bbc.co.uk/news/world-europe-64695153
BBC,0.0389,0.40267,0.2027,0.2171,0.304,0.0579,0.0,https://www.bbc.co.uk/news/newsbeat-64719984
BBC,0.09172,0.40332,0.1683,0.1262,0.1542,0.0,0.0,https://www.bbc.co.uk/news/uk-england-london-64730872
BBC,0.00746,0.34565,0.3374,0.2249,0.2571,0.1125,0.0321,https://www.bbc.co.uk/news/world-europe-64716380
BBC,-0.00154,0.32822,0.3232,0.1724,0.237,0.0215,0.0,https://www.bbc.co.uk/news/world-europe-isle-of-man-64734427
BBC,0.0614,0.42076,0.159,0.2253,0.2916,0.0928,0.0,https://www.bbc.co.uk/news/world-asia-china-64735707
BBC,0.00708,0.36703,0.2137,0.1687,0.3486,0.0112,0.0,https://www.bbc.co.uk/news/world-us-canada-64695042
BBC,0.00741,0.17731,0.2814,0.3581,0.1535,0.307,0.0,https://www.bbc.co.uk/news/world-europe-64726390
BBC,0.03761,0.19444,0.392,0.3619,0.0603,0.0302,0.0,https://www.bbc.co.uk/news/world-europe-64750156
BBC,0.09005,0.38264,0.2744,0.1682,0.0885,0.0,0.0,https://www.bbc.co.uk/news/world-africa-64716801
BBC,0.02555,0.34877,0.2598,0.2728,0.4287,0.1104,0.0195,https://www.bbc.co.uk/news/world-europe-56720589
BBC,0.0176,0.38474,0.1652,0.2695,0.4259,0.0956,0.0,https://www.bbc.co.uk/news/world-europe-64703768
BBC,0.10716,0.43254,0.2177,0.1633,0.0653,0.0,0.0,https://www.bbc.co.uk/news/uk-northern-ireland-64751637
BBC,0.06206,0.36489,0.4513,0.2106,0.1805,0.015,0.0301,https://www.bbc.co.uk/news/uk-politics-64712995
BBC,0.1404,0.38916,0.1663,0.1663,0.064,0.0,0.0,https://www.bbc.co.uk/news/uk-wales-64705119
BBC,0.08062,0.42854,0.2142,0.1713,0.2142,0.0357,0.0071,https://www.bbc.co.uk/news/world-europe-64637091
BBC,0.07565,0.35472,0.2275,0.1991,0.4835,0.2749,0.0,https://www.bbc.co.uk/news/world-europe-64744197
BBC,0.01552,0.3148,0.3476,0.1593,0.2752,0.1738,0.0435,https://www.bbc.co.uk/news/64718139
BBC,0.0355,0.32818,0.2348,0.2504,0.1565,0.0157,0.0,https://www.bbc.co.uk/news/uk-england-manchester-64676820
BBC,-0.00399,0.29611,0.2909,0.1746,0.2211,0.0465,0.0815,https://www.bbc.co.uk/news/world-europe-64702548
BBC,0.0925,0.3724,0.2277,0.1214,0.5464,0.0304,0.0,https://www.bbc.co.uk/news/60571253
BBC,-0.03893,0.37049,0.2595,0.2076,0.3114,0.0,0.0,https://www.bbc.co.uk/news/world-europe-64685428
BBC,0.05635,0.43154,0.1432,0.21,0.2768,0.0191,0.0,https://www.bbc.co.uk/news/world-europe-64640183
BBC,-0.05832,0.37775,0.2995,0.177,0.3131,0.0136,0.0,https://www.bbc.co.uk/news/world-europe-64691001
BBC,0.09178,0.38213,0.1766,0.187,0.1454,0.0104,0.0,https://www.bbc.co.uk/news/world-europe-64678844
BBC,-0.00388,0.37369,0.2934,0.165,0.4217,0.0367,0.0367,https://www.bbc.co.uk/news/uk-64693691
BBC,0.03158,0.37522,0.1861,0.2127,0.2792,0.0133,0.0,https://www.bbc.co.uk/news/world-europe-64637928
BBC,0.07421,0.21865,0.3254,0.3525,0.0813,0.1627,0.1356,https://www.bbc.co.uk/news/world-europe-64710795
BBC,0.08289,0.39003,0.2624,0.1895,0.102,0.0437,0.0,https://www.bbc.co.uk/news/uk-england-gloucestershire-64706057
BBC,0.01805,0.37536,0.2713,0.2393,0.3191,0.0638,0.1755,https://www.bbc.co.uk/news/world-europe-64662184
BBC,-0.02532,0.35982,0.1473,0.1964,0.3192,0.0614,0.0,https://www.bbc.co.uk/news/world-europe-64625127
BBC,0.03334,0.36839,0.1939,0.181,0.3361,0.0388,0.0,https://www.bbc.co.uk/news/world-europe-64582985
BBC,0.01382,0.42436,0.1989,0.1724,0.2122,0.0663,0.0,https://www.bbc.co.uk/news/world-europe-64626783
BBC,0.02438,0.40343,0.1318,0.1622,0.2432,0.0101,0.0101,https://www.bbc.co.uk/news/world-europe-64596363
BBC,0.04206,0.1877,0.2968,0.2698,0.1349,0.0,0.054,https://www.bbc.co.uk/news/world-europe-64593974
BBC,0.03535,0.42923,0.2806,0.2205,0.2205,0.02,0.02,https://www.bbc.co.uk/news/world-europe-64609944
BBC,0.06876,0.36652,0.1894,0.2178,0.3598,0.0568,0.0,https://www.bbc.co.uk/news/world-europe-64543618
BBC,0.01778,0.36943,0.3344,0.1584,0.1936,0.0,0.0,https://www.bbc.co.uk/news/world-europe-64579267
BBC,0.02672,0.33746,0.2505,0.167,0.2839,0.0167,0.1002,https://www.bbc.co.uk/news/world-europe-64593488
BBC,0.07542,0.36186,0.2107,0.2107,0.0421,0.0,0.3371,https://www.bbc.co.uk/news/in-pictures-64573568
BBC,0.03689,0.42398,0.2702,0.2334,0.1842,0.0,0.1842,https://www.bbc.co.uk/news/world-europe-64577375
BBC,0.00241,0.35605,0.2622,0.2314,0.3548,0.0154,0.0,https://www.bbc.co.uk/news/world-europe-64429625
BBC,0.00877,0.32635,0.3102,0.2286,0.5224,0.0,0.0327,https://www.bbc.co.uk/news/world-europe-64551937
BBC,0.01216,0.3668,0.1871,0.1754,0.2222,0.0117,0.0,https://www.bbc.co.uk/news/world-europe-64523029
BBC,-0.01942,0.23415,0.4529,0.2516,0.151,0.0252,0.0,https://www.bbc.co.uk/news/world-europe-64201083
BBC,0.00593,0.20852,0.288,0.288,0.0864,0.0288,0.0,https://www.bbc.co.uk/news/world-europe-64201085
BBC,-0.0095,0.39084,0.2333,0.1944,0.2981,0.1814,0.0648,https://www.bbc.co.uk/news/world-europe-64502504
BBC,-0.01709,0.33621,0.2963,0.1411,0.127,0.0423,0.0,https://www.bbc.co.uk/news/world-europe-64329059
BBC,-0.06274,0.33111,0.1563,0.0977,0.166,0.0,0.0,https://www.bbc.co.uk/news/world-europe-64431524
BBC,0.02946,0.38669,0.2998,0.1043,0.2477,0.013,0.0912,https://www.bbc.co.uk/news/world-europe-64518532
BBC,0.06572,0.39214,0.4227,0.2187,0.1749,0.0,0.0437,https://www.bbc.co.uk/news/world-europe-64461613
BBC,0.08143,0.36983,0.1261,0.1121,0.042,0.0,0.0,https://www.bbc.co.uk/news/world-asia-india-64315370
BBC,0.03781,0.4076,0.165,0.0858,0.0924,0.0066,0.0,https://www.bbc.co.uk/news/world-europe-64467774
BBC,0.05262,0.40255,0.2532,0.199,0.1809,0.0181,0.0,https://www.bbc.co.uk/news/uk-england-oxfordshire-64496576
BBC,0.04614,0.36463,0.2648,0.1387,0.3026,0.063,0.0378,https://www.bbc.co.uk/news/world-europe-64492938
BBC,-0.02464,0.2881,0.2411,0.1669,0.3895,0.0,0.1484,https://www.bbc.co.uk/news/world-europe-64448808
BBC,0.04658,0.34386,0.3054,0.1446,0.4339,0.0,0.0321,https://www.bbc.co.uk/news/world-europe-64616099
BBC,0.04529,0.44418,0.189,0.1512,0.0567,0.0,0.0,https://www.bbc.co.uk/news/uk-england-birmingham-64186324
BBC,0.04579,0.41948,0.2078,0.1712,0.2934,0.0122,0.0122,https://www.bbc.co.uk/news/world-europe-64455123
BBC,0.09952,0.29903,0.2709,0.2709,0.0813,0.0,0.0,https://www.bbc.co.uk/news/world-europe-63881946
BBC,0.05303,0.36619,0.1713,0.1557,0.1557,0.0,0.0,https://www.bbc.co.uk/news/world-europe-64446436
BBC,0.09018,0.37506,0.3723,0.273,0.0496,0.0,0.0,https://www.bbc.co.uk/news/uk-england-surrey-63248448
BBC,0.07702,0.36815,0.3177,0.164,0.164,0.0,0.0,https://www.bbc.co.uk/news/world-europe-64422568
BBC,0.02127,0.31212,0.3203,0.2002,0.1401,0.0,0.0,https://www.bbc.co.uk/news/world-europe-64457401
BBC,0.04922,0.40779,0.335,0.1365,0.1365,0.0,0.0248,https://www.bbc.co.uk/news/world-europe-64370165
BBC,0.0107,0.14177,0.3944,0.4996,0.2104,0.0,0.0,https://www.bbc.co.uk/news/world-europe-61685220
BBC,0.09764,0.45218,0.2426,0.1306,0.28,0.0,0.0,https://www.bbc.co.uk/news/world-europe-64429377
BBC,0.02316,0.2571,0.273,0.2958,0.0455,0.0,0.0,https://www.bbc.co.uk/news/uk-england-hampshire-64375504
BBC,-0.01481,0.21561,0.2956,0.2709,0.0985,0.0,0.0493,https://www.bbc.co.uk/news/world-europe-60739681
BBC,0.04267,0.36632,0.2558,0.175,0.1212,0.0,0.0943,https://www.bbc.co.uk/news/world-europe-64401190
BBC,-0.04771,0.20163,0.4539,0.3471,0.1869,0.0534,0.0,https://www.bbc.co.uk/news/world-europe-61315483
BBC,0.06595,0.40597,0.1284,0.1498,0.2568,0.0642,0.0,https://www.bbc.co.uk/news/world-europe-64346971
BBC,0.04663,0.34953,0.3232,0.1243,0.1616,0.0,0.0746,https://www.bbc.co.uk/news/world-europe-64355839
BBC,0.025,0.33475,0.289,0.1825,0.3498,0.0,0.0,https://www.bbc.co.uk/news/world-europe-64296979
BBC,0.02223,0.41886,0.274,0.0834,0.1668,0.0238,0.0834,https://www.bbc.co.uk/news/world-64408504
BBC,0.02876,0.19281,0.3291,0.2992,0.0598,0.0,0.0,https://www.bbc.co.uk/news/world-europe-63198973
BBC,0.0725,0.36108,0.2593,0.124,0.1353,0.0,0.0789,https://www.bbc.co.uk/news/world-europe-64341337
BBC,0.08207,0.42298,0.3333,0.2608,0.1594,0.0145,0.0,https://www.bbc.co.uk/news/newsbeat-64037867
BBC,-0.00563,0.40231,0.226,0.1861,0.3191,0.0266,0.0,https://www.bbc.co.uk/news/world-europe-64329371
BBC,0.0062,0.24094,0.5248,0.3422,0.0456,0.0,0.0,https://www.bbc.co.uk/news/uk-politics-60743036
BBC,0.08828,0.43624,0.2499,0.2352,0.4852,0.1764,0.0294,https://www.bbc.co.uk/news/world-europe-64138731
BBC,0.02778,0.18056,0.3292,0.3891,0.0599,0.0,0.0,https://www.bbc.co.uk/news/world-europe-61263856
BBC,-0.00058,0.26988,0.3011,0.3011,0.0502,0.0502,0.0,https://www.bbc.co.uk/news/uk-politics-60692437
BBC,0.00899,0.25132,0.3927,0.3682,0.0736,0.0245,0.0,https://www.bbc.co.uk/news/uk-politics-60740014
BBC,-0.00288,0.13436,0.385,0.3593,0.077,0.0,0.0,https://www.bbc.co.uk/news/world-asia-china-61239833
BBC,-0.00505,0.15126,0.3255,0.4006,0.3005,0.0,0.0,https://www.bbc.co.uk/news/world-europe-61638389
BBC,0.01624,0.42343,0.1671,0.1671,0.2367,0.0,0.0,https://www.bbc.co.uk/news/world-europe-64330808
BBC,0.02319,0.25764,0.2917,0.2674,0.1215,0.1702,0.0,https://www.bbc.co.uk/news/uk-politics-60602984
BBC,0.05655,0.4674,0.1733,0.1386,0.1906,0.0347,0.0,https://www.bbc.co.uk/news/uk-england-humber-63948652
BBC,-0.00486,0.17153,0.3419,0.3134,0.0855,0.0,0.0,https://www.bbc.co.uk/news/world-europe-60767594
BBC,0.07438,0.2108,0.2923,0.3189,0.0531,0.0,0.0,https://www.bbc.co.uk/news/uk-england-london-61223023
BBC,0.06852,0.44025,0.276,0.1656,0.1472,0.0,0.0736,https://www.bbc.co.uk/news/world-europe-64316081
BBC,0.07392,0.1938,0.4839,0.3145,0.1452,0.0,0.0,https://www.bbc.co.uk/news/uk-england-essex-61760449
BBC,-0.02989,0.37178,0.1552,0.0997,0.2217,0.0111,0.0,https://www.bbc.co.uk/news/world-europe-64367346
BBC,-0.04141,0.24672,0.4374,0.3859,0.0515,0.0,0.0,https://www.bbc.co.uk/news/world-61100181
BBC,0.01327,0.17377,0.3278,0.298,0.0894,0.0,0.0,https://www.bbc.co.uk/news/world-europe-60807897
BBC,-0.07164,0.25936,0.3023,0.2791,0.0698,0.0233,0.0,https://www.bbc.co.uk/news/uk-politics-60692438
BBC,0.02749,0.16287,0.3844,0.3844,0.0887,0.0,0.0,https://www.bbc.co.uk/news/world-europe-60674189
BBC,0.00721,0.40628,0.2581,0.129,0.2194,0.0129,0.0258,https://www.bbc.co.uk/news/world-europe-64358577
BBC,-0.0744,0.17729,0.3867,0.4125,0.1031,0.0,0.0,https://www.bbc.co.uk/news/world-europe-60802801
BBC,-0.07593,0.26343,0.4206,0.3216,0.099,0.2227,0.0,https://www.bbc.co.uk/news/uk-politics-60769541
BBC,-0.04771,0.25458,0.3303,0.3003,0.0901,0.0,0.0,https://www.bbc.co.uk/news/world-europe-64284987
BBC,-0.02056,0.20806,0.3271,0.3271,0.0755,0.0,0.0503,https://www.bbc.co.uk/news/world-62378684
BBC,-0.00544,0.36411,0.332,0.2656,0.0664,0.0,0.1328,https://www.bbc.co.uk/news/uk-politics-60663777
BBC,0.00593,0.27519,0.4527,0.3196,0.0533,0.0,0.0533,https://www.bbc.co.uk/news/world-asia-60689267
BBC,0.05738,0.40281,0.2754,0.116,0.1595,0.0,0.0725,https://www.bbc.co.uk/news/world-europe-64350877
BBC,0.05853,0.40185,0.2721,0.2401,0.3041,0.0,0.032,https://www.bbc.co.uk/news/world-europe-63995244
BBC,-0.04141,0.23308,0.4132,0.2755,0.0826,0.0,0.0,https://www.bbc.co.uk/news/uk-wales-61487595
BBC,0.03056,0.28299,0.3683,0.3399,0.0567,0.0,0.0,https://www.bbc.co.uk/news/world-europe-60701351
BBC,0.04044,0.44417,0.2853,0.1902,0.1141,0.0,0.0,https://www.bbc.co.uk/news/uk-england-shropshire-63156335
BBC,-0.00432,0.28837,0.4522,0.2618,0.0476,0.0,0.0,https://www.bbc.co.uk/news/uk-politics-60756873
BBC,0.02673,0.34491,0.2329,0.183,0.2828,0.0,0.0166,https://www.bbc.co.uk/news/world-africa-63935260
BBC,0.01114,0.37797,0.303,0.1515,0.2861,0.1515,0.0673,https://www.bbc.co.uk/news/world-europe-63225781
BBC,0.01565,0.35534,0.3224,0.1896,0.3224,0.0,0.0,https://www.bbc.co.uk/news/world-europe-64250202
BBC,0.01699,0.17222,0.3044,0.4427,0.1384,0.1384,0.0,https://www.bbc.co.uk/news/world-europe-61395929
BBC,0.21313,0.37513,0.2965,0.2965,0.0494,0.0,0.0988,https://www.bbc.co.uk/news/uk-politics-60676935
BBC,-0.00832,0.37512,0.2617,0.2617,0.0476,0.0,0.0,https://www.bbc.co.uk/news/uk-politics-60692433
BBC,0.01989,0.39278,0.3125,0.1172,0.3777,0.0391,0.026,https://www.bbc.co.uk/news/world-europe-64235713
BBC,0.02118,0.28819,0.3935,0.2886,0.1312,0.0,0.0,https://www.bbc.co.uk/news/world-europe-60714529
BBC,0.08574,0.41427,0.2491,0.1712,0.3269,0.0311,0.0,https://www.bbc.co.uk/news/64240404
BBC,0.00423,0.28942,0.3904,0.3384,0.0781,0.0,0.0,https://www.bbc.co.uk/news/world-europe-60867789
BBC,0.02259,0.20852,0.4403,0.3108,0.1554,0.0,0.0,https://www.bbc.co.uk/news/uk-politics-60810168
BBC,0.00556,0.25799,0.266,0.5319,0.2926,0.0,0.0,https://www.bbc.co.uk/news/world-europe-60730777
BBC,0.00674,0.34875,0.2761,0.1472,0.2577,0.0,0.0552,https://www.bbc.co.uk/news/world-europe-64304310
BBC,0.00123,0.18025,0.3228,0.2732,0.2732,0.0,0.0,https://www.bbc.co.uk/news/world-europe-62044014
BBC,0.0644,0.36603,0.2942,0.2274,0.5082,0.1337,0.0,https://www.bbc.co.uk/news/world-europe-61252320
BBC,0.09243,0.38934,0.1772,0.2025,0.2404,0.0,0.0,https://www.bbc.co.uk/news/world-europe-64294653
BBC,0.02944,0.19639,0.3788,0.2914,0.1748,0.0,0.0,https://www.bbc.co.uk/news/world-europe-60922298
BBC,0.00092,0.35015,0.3058,0.1893,0.3058,0.0291,0.0291,https://www.bbc.co.uk/news/world-europe-64282044
BBC,0.02778,0.1877,0.2967,0.3264,0.0593,0.0,0.2077,https://www.bbc.co.uk/news/world-europe-60731909
BBC,0.01453,0.19444,0.4377,0.3502,0.0875,0.0,0.0,https://www.bbc.co.uk/news/uk-wales-60748889
BBC,0.02967,0.35379,0.1252,0.1126,0.0501,0.0,0.0,https://www.bbc.co.uk/news/business-62630787
BBC,0.02573,0.13304,0.294,0.294,0.2352,0.0,0.0,https://www.bbc.co.uk/news/world-europe-60878705
BBC,0.03472,0.16632,0.4132,0.3542,0.0885,0.0,0.0,https://www.bbc.co.uk/news/world-europe-60656614
BBC,0.01938,0.29468,0.2775,0.2775,0.0757,0.0,0.0,https://www.bbc.co.uk/news/world-europe-60752278
BBC,0.00897,0.17949,0.2918,0.2918,0.2918,0.0,0.0,https://www.bbc.co.uk/news/world-europe-62044015
BBC,0.02288,0.22306,0.2729,0.2977,0.1488,0.0,0.0,https://www.bbc.co.uk/news/uk-politics-60648944
BBC,0.07141,0.26977,0.3237,0.2739,0.0747,0.0,0.2241,https://www.bbc.co.uk/news/uk-politics-60666782
BBC,0.03486,0.38753,0.2676,0.2294,0.3441,0.0,0.0191,https://www.bbc.co.uk/news/world-africa-63627759
BBC,0.06259,0.27852,0.3488,0.3488,0.0581,0.0,0.0,https://www.bbc.co.uk/news/uk-northern-ireland-60738831
BBC,-0.06476,0.2033,0.3617,0.2653,0.0965,0.0,0.0,https://www.bbc.co.uk/news/uk-politics-60663773
BBC,0.00606,0.39525,0.3464,0.1808,0.3916,0.1808,0.0,https://www.bbc.co.uk/news/world-europe-63255617
BBC,-0.02805,0.42761,0.2745,0.3477,0.4941,0.0183,0.0,https://www.bbc.co.uk/news/world-europe-61029931
BBC,-0.02082,0.2268,0.3193,0.3193,0.0491,0.0,0.0,https://www.bbc.co.uk/news/world-europe-61263855
BBC,0.05898,0.24649,0.3526,0.2518,0.0755,0.0,0.0,https://www.bbc.co.uk/news/world-europe-64284986
BBC,0.10169,0.32512,0.3287,0.3757,0.047,0.0,0.0,https://www.bbc.co.uk/news/uk-england-coventry-warwickshire-61325368
BBC,0.06528,0.48891,0.194,0.194,0.097,0.0,0.0,https://www.bbc.co.uk/news/technology-64195492
BBC,0.01766,0.2122,0.4419,0.3038,0.1657,0.0276,0.0,https://www.bbc.co.uk/news/world-europe-60837125
BBC,0.00904,0.39359,0.169,0.1478,0.2112,0.0,0.0,https://www.bbc.co.uk/news/business-60557073
BBC,0.07983,0.31739,0.2562,0.2562,0.0466,0.0,0.0,https://www.bbc.co.uk/news/uk-politics-60692432
BBC,0.04904,0.4546,0.2496,0.1308,0.3447,0.0,0.0,https://www.bbc.co.uk/news/world-middle-east-63328274
BBC,0.03535,0.40181,0.269,0.1479,0.3093,0.0134,0.0403,https://www.bbc.co.uk/news/world-europe-64219979
BBC,0.02702,0.33391,0.3063,0.1872,0.3744,0.1702,0.0511,https://www.bbc.co.uk/news/world-europe-64055018
BBC,0.02289,0.35694,0.2086,0.1695,0.2216,0.0,0.013,https://www.bbc.co.uk/news/world-africa-63648681
BBC,0.02586,0.4172,0.1486,0.1208,0.1208,0.0,0.0093,https://www.bbc.co.uk/news/world-europe-64153581
BBC,-0.00636,0.40629,0.1734,0.2001,0.2001,0.0,0.0,https://www.bbc.co.uk/news/world-europe-63850875
BBC,-0.07005,0.19686,0.2834,0.335,0.1546,0.0,0.0,https://www.bbc.co.uk/news/world-europe-64136703
BBC,-0.00627,0.31869,0.3531,0.185,0.2859,0.0336,0.0336,https://www.bbc.co.uk/news/world-europe-64135079
BBC,0.01378,0.40957,0.2946,0.1657,0.3682,0.0829,0.0,https://www.bbc.co.uk/news/world-europe-63386634
BBC,0.04496,0.39944,0.2068,0.1839,0.1839,0.0,0.0,https://www.bbc.com/news/articles/czr7dmd4n14o
BBC,0.02741,0.41772,0.1248,0.1803,0.1248,0.0,0.0,https://www.bbc.co.uk/news/world-europe-64187212
BBC,0.04408,0.41338,0.2454,0.1937,0.1291,0.0,0.0,https://www.bbc.co.uk/news/world-60995064
Aljazeera,-0.00444,0.18,0.431,0.2155,0.4849,0.1078,0.0539,https://www.aljazeera.com/news/2023/2/27/russia-ukraine-war-list-of-key-events-day-369
Aljazeera,0.09475,0.36786,0.1247,0.1663,0.4158,0.0416,0.0,https://www.aljazeera.com/news/2023/2/27/russian-plane-destroyed-near-minsk-airfield-belarus-opposition
Aljazeera,0.08643,0.36405,0.2687,0.2149,0.5911,0.0,0.0,https://www.aljazeera.com/news/2023/2/26/russia-ukraine-war-list-of-key-events-day-368
Aljazeera,0.06972,0.35659,0.1787,0.1191,0.2184,0.0794,0.0397,https://www.aljazeera.com/news/2023/2/26/macron-to-visit-china-seek-xis-help-to-end-russia-ukraine-war
Aljazeera,0.05854,0.35858,0.3001,0.0818,0.2455,0.0273,0.0,https://www.aljazeera.com/news/2023/2/25/thousands-rally-in-berlin-paris-to-call-for-peace-in-ukraine
Aljazeera,0.05854,0.37677,0.0935,0.0748,0.1684,0.0,0.0,https://www.aljazeera.com/news/2023/2/25/g20-meeting-ends-without-consensus-over-russias-war-in-ukraine
Aljazeera,0.17239,0.30488,0.159,0.0,0.265,0.106,0.0,https://www.aljazeera.com/news/2023/2/25/ukraine-launches-banksy-postage-stamp-on-war-anniversary
Aljazeera,0.01541,0.36849,0.2956,0.09,0.2185,0.1285,0.0,https://www.aljazeera.com/news/2023/2/25/as-long-as-it-takes-us-aid-to-ukraine-sustainable-experts-say
Aljazeera,0.01917,0.20583,0.2486,0.1776,0.3196,0.0,0.071,https://www.aljazeera.com/news/2023/2/25/russia-ukraine-war-list-of-key-events-day-367
Aljazeera,0.10864,0.40752,0.3678,0.2102,0.3153,0.0,0.0,https://www.aljazeera.com/news/2023/2/25/eu-approves-10th-package-of-sanctions-on-russia-over-ukraine-war
Aljazeera,0.05798,0.3476,0.2751,0.0917,0.2599,0.0153,0.0764,https://www.aljazeera.com/news/2023/2/24/one-year-into-invasion-ukraine-mourns-vows-victory
Aljazeera,0.10289,0.37829,0.24,0.2057,0.2057,0.0171,0.0343,https://www.aljazeera.com/news/2023/2/24/all-you-need-to-know-about-chinas-plan-for-russia-ukraine-war
Aljazeera,0.08449,0.32312,0.351,0.1462,0.3217,0.0585,0.0,https://www.aljazeera.com/news/2023/2/24/us-announces-new-ukraine-aid-russia-sanctions-on-war-anniversary
Aljazeera,-0.00825,0.42249,0.142,0.1263,0.1263,0.0158,0.0,https://www.aljazeera.com/news/2023/2/24/never-wanted-to-leave-mariupol-residents-look-back-at-war
Aljazeera,0.11327,0.32239,0.3547,0.2295,0.2712,0.1043,0.0626,https://www.aljazeera.com/news/2023/2/24/west-voices-support-for-ukraine-a-year-into-russias-invasion
Aljazeera,0.03243,0.31846,0.2736,0.1824,0.3649,0.0912,0.0608,https://www.aljazeera.com/news/2023/2/24/five-key-ways-the-us-has-supported-ukraines-war-effort
Aljazeera,0.0841,0.3917,0.132,0.066,0.264,0.066,0.0,https://www.aljazeera.com/news/2023/2/24/moscow-must-push-borders-back-as-far-as-possible-says-medvedev
Aljazeera,0.02998,0.39459,0.1497,0.2396,0.2096,0.0,0.0,https://www.aljazeera.com/news/2023/2/24/ukrainians-on-first-anniversary-of-russias-war-i-worry-a-lot
Aljazeera,0.12106,0.35423,0.1378,0.1484,0.1272,0.0106,0.0,https://www.aljazeera.com/news/2023/2/24/has-the-ukraine-war-strengthened-europe-or-weakened-it
Aljazeera,0.03843,0.53148,0.4058,0.1803,0.4058,0.0451,0.0451,https://www.aljazeera.com/news/2023/2/24/russia-ukraine-war-list-of-key-events-day-366
Aljazeera,0.07385,0.4319,0.3041,0.1086,0.3041,0.0217,0.0434,https://www.aljazeera.com/news/2023/2/24/china-calls-for-russia-ukraine-cease-fire-proposes-peace-talks
Aljazeera,0.07958,0.30945,0.1077,0.0,0.1795,0.0359,0.0,https://www.aljazeera.com/news/2023/2/24/un-tells-russia-to-leave-ukraine-how-did-countries-vote
Aljazeera,0.04028,0.31566,0.2276,0.1365,0.2959,0.0455,0.0228,https://www.aljazeera.com/news/2023/2/24/un-condemns-russia-over-ukraine-war-calls-for-withdrawal
Aljazeera,0.07828,0.37059,0.2642,0.1441,0.2522,0.036,0.048,https://www.aljazeera.com/news/2023/2/23/year-into-ukraine-war-china-says-not-sending-weapons-to-russia
Aljazeera,0.01831,0.27979,0.1675,0.307,0.3349,0.0837,0.0279,https://www.aljazeera.com/news/2023/2/23/nato-chief-sees-signs-china-considering-supplying-arms-to-russia
Aljazeera,0.05232,0.32632,0.2823,0.1964,0.3559,0.0368,0.0123,https://www.aljazeera.com/news/2023/2/23/as-weapons-taboos-fell-kyiv-and-the-west-became-committed-allies
Aljazeera,0.04435,0.29765,0.1719,0.0573,0.2292,0.3152,0.0,https://www.aljazeera.com/news/2023/2/23/putin-says-russia-to-deploy-sarmat-nuclear-missiles-this-year
Aljazeera,0.02023,0.37155,0.1714,0.2493,0.3583,0.2337,0.0779,https://www.aljazeera.com/news/2023/2/23/ukraine-war-shifts-global-power-relations-as-china-asserts-role
Aljazeera,0.03125,0.27655,0.1514,0.101,0.4291,0.0505,0.0,https://www.aljazeera.com/news/2023/2/23/russia-ukraine-war-list-of-key-events-day-365
Aljazeera,0.02765,0.25541,0.118,0.177,0.295,0.118,0.0,https://www.aljazeera.com/news/2023/2/23/wang-yi-meets-putin-in-sign-of-deepening-china-russia-ties
Aljazeera,0.01335,0.41997,0.0851,0.0567,0.1418,0.0284,0.0,https://www.aljazeera.com/news/2023/2/22/wagner-chief-mercenaries-slaughtered-because-of-shell-hunger
Aljazeera,0.10263,0.30049,0.1457,0.1665,0.5203,0.2706,0.0,https://www.aljazeera.com/news/2023/2/22/russian-official-says-nuclear-war-no-closer-despite-treaty-move
Aljazeera,0.11617,0.34764,0.2728,0.2619,0.2292,0.0327,0.0,https://www.aljazeera.com/news/2023/2/22/all-of-ukraine-is-a-battlefield-lessons-about-modern-war
Aljazeera,0.0904,0.31368,0.1237,0.1649,0.4124,0.0412,0.0,https://www.aljazeera.com/news/2023/2/22/russia-rules-out-firing-hypersonic-missile-during-naval-exercise
Aljazeera,-0.00665,0.39691,0.0236,0.118,0.4012,0.118,0.0,https://www.aljazeera.com/news/2023/2/22/what-is-the-new-start-nuclear-deal-and-why-did-russia-suspend-it
Aljazeera,0.05714,0.42698,0.1533,0.1933,0.34,0.06,0.0067,https://www.aljazeera.com/news/2023/2/22/russias-war-in-ukraine-after-a-year-of-conflict-what-next
Aljazeera,0.02939,0.26524,0.107,0.1873,0.2141,0.0,0.0,https://www.aljazeera.com/news/2023/2/22/not-an-era-for-war-says-india-as-g20-finance-meet-begins
Aljazeera,0.08243,0.31942,0.1982,0.0991,0.5286,0.0991,0.0661,https://www.aljazeera.com/news/2023/2/22/russia-ukraine-war-list-of-key-events-day-364
Aljazeera,0.06601,0.25658,0.0723,0.1084,0.4698,0.1807,0.0,https://www.aljazeera.com/news/2023/2/22/xi-jinping-to-visit-moscow-for-summit-with-putin-report
Aljazeera,0.10551,0.31017,0.1977,0.0494,0.2224,0.0988,0.0,https://www.aljazeera.com/news/2023/2/21/wagner-mercenary-chief-accuses-russian-army-officials-of-treason
Aljazeera,-0.05428,0.31171,0.029,0.0,0.2608,0.0,0.0,https://www.aljazeera.com/news/2023/2/21/russia-calls-un-meeting-on-nord-stream-pipeline-sabotage
Aljazeera,0.12135,0.3237,0.4393,0.1809,0.3618,0.1292,0.0,https://www.aljazeera.com/news/2023/2/21/ukraine-war-will-never-be-a-victory-for-russia-biden-says
Aljazeera,0.0324,0.35874,0.1389,0.1389,0.2778,0.2951,0.0347,https://www.aljazeera.com/news/2023/2/21/shifting-the-blame-ukraine-responds-to-putins-address
Aljazeera,-0.01177,0.35396,0.0796,0.1193,0.0796,0.0,0.0199,https://www.aljazeera.com/news/2023/2/21/plane-motorcade-train-how-joe-biden-got-to-kyiv-in-secret
Aljazeera,0.07314,0.36956,0.1641,0.194,0.4178,0.2089,0.0,https://www.aljazeera.com/news/2023/2/21/russias-leader-putin-accuses-west-for-war-in-major-speech
Aljazeera,0.06517,0.44046,0.1493,0.064,0.2772,0.064,0.0,https://www.aljazeera.com/news/2023/2/21/putins-speech-on-the-state-of-war-what-exactly-did-he-say
Aljazeera,0.00157,0.23088,0.158,0.0,0.2765,0.0395,0.0,https://www.aljazeera.com/news/2023/2/21/russias-economy-contracted-2-1-in-2022
Aljazeera,0.08483,0.35867,0.1839,0.1226,0.4815,0.0438,0.0,https://www.aljazeera.com/news/2023/2/21/qa-dr-pavel-felgenhauer-russia-ukraine-war
Aljazeera,0.00658,0.26092,0.2749,0.1718,0.3093,0.0344,0.0,https://www.aljazeera.com/news/2023/2/21/russia-ukraine-war-list-of-key-events-day-363
Aljazeera,0.01627,0.28818,0.1546,0.1546,0.3091,0.0515,0.0,https://www.aljazeera.com/news/2023/2/21/china-deeply-concerned-over-ukraine-conflict
Aljazeera,0.10795,0.34209,0.1929,0.0827,0.2756,0.0,0.0,https://www.aljazeera.com/news/2023/2/20/russian-officials-denying-ammunition-to-wagner-fighters-founder
Aljazeera,0.12778,0.35682,0.3552,0.0789,0.1579,0.0197,0.0197,https://www.aljazeera.com/news/2023/2/20/389
Aljazeera,0.05143,0.3292,0.2446,0.2718,0.3534,0.0,0.0,https://www.aljazeera.com/news/2023/2/20/us-in-no-position-to-make-demands-china-slams-blinken-comments
Aljazeera,0.01707,0.34134,0.2483,0.0552,0.2483,0.1656,0.0828,https://www.aljazeera.com/news/2023/2/20/us-president-joe-biden-makes-unannounced-visit-to-ukraines-kyiv
Aljazeera,0.02267,0.4257,0.2546,0.201,0.3618,0.0134,0.0268,https://www.aljazeera.com/news/2023/2/20/measuring-militaries-how-do-russia-and-ukraine-stack-up
Aljazeera,0.07251,0.36115,0.2233,0.1116,0.2977,0.0,0.0372,https://www.aljazeera.com/news/2023/2/20/russia-ukraine-war-list-of-key-events-day-362
Aljazeera,0.04712,0.36637,0.2788,0.0697,0.244,0.0349,0.0,https://www.aljazeera.com/news/2023/2/19/russia-again-accuses-ukraine-of-planning-false-flag-attack
Aljazeera,0.04399,0.33178,0.0929,0.0619,0.3096,0.1238,0.0,https://www.aljazeera.com/news/2023/2/19/chechen-leader-kadyrov-lauds-wagners-hard-work-in-ukraine
Aljazeera,0.0811,0.3063,0.2354,0.2092,0.2354,0.0262,0.0523,https://www.aljazeera.com/news/2023/2/19/west-must-provide-more-military-support-to-ukraine-eus-borrell
Aljazeera,0.0906,0.36699,0.3246,0.0361,0.3967,0.0,0.0361,https://www.aljazeera.com/news/2023/2/19/russia-ukraine-war-list-of-key-events-day-361
Aljazeera,0.01591,0.27576,0.0787,0.0393,0.5114,0.0,0.0,https://www.aljazeera.com/news/2023/2/18/netherlands-orders-russian-diplomats-to-leave
Aljazeera,0.00873,0.32581,0.1958,0.2154,0.2546,0.0783,0.0,https://www.aljazeera.com/news/2023/2/18/us-russia-committing-crimes-against-humanity-in-ukraine
Aljazeera,0.02321,0.21101,0.287,0.2551,0.4145,0.0319,0.0638,https://www.aljazeera.com/news/2023/2/18/russia-ukraine-war-list-of-key-events-day-360
Aljazeera,0.00785,0.35812,0.1844,0.0527,0.2634,0.0,0.0,https://www.aljazeera.com/news/2023/2/18/russias-wagner-forces-suffered-30000-casualties-in-ukraine-us
Aljazeera,0.01591,0.34386,0.221,0.1105,0.1657,0.0276,0.1381,https://www.aljazeera.com/news/2023/2/17/zelenskyy-pushes-for-speedy-support-to-avoid-more-deaths
Aljazeera,0.03086,0.29717,0.0711,0.0996,0.4696,0.0427,0.0,https://www.aljazeera.com/news/2023/2/17/where-does-central-asia-stand-on-russia
Aljazeera,0.01455,0.27515,0.2535,0.1127,0.338,0.0282,0.2254,https://www.aljazeera.com/news/2023/2/17/ukraines-zelenskyy-says-putin-will-target-other-ex-soviet-states
Aljazeera,0.07344,0.31674,0.236,0.1349,0.3372,0.0,0.0337,https://www.aljazeera.com/news/2023/2/17/russia-ukraine-war-list-of-key-events-day-359
Aljazeera,0.0872,0.42287,0.3133,0.1305,0.4178,0.0,0.0261,https://www.aljazeera.com/news/2023/2/16/ukraine-pounded-by-fresh-missiles-russia-eyes-capturing-bakhmut
Aljazeera,0.08532,0.3434,0.1445,0.0826,0.3612,0.0,0.0206,https://www.aljazeera.com/news/2023/2/16/russia-surrounds-bakhmut-as-ukraine-sends-in-troops
Aljazeera,0.02375,0.2894,0.2607,0.0186,0.2235,0.0,0.0,https://www.aljazeera.com/news/2023/2/16/mapping-where-every-country-stands-on-the-russia-ukraine-war
Aljazeera,0.04011,0.34675,0.2013,0.2013,0.349,0.0671,0.0134,https://www.aljazeera.com/news/2023/2/16/after-a-year-of-war-in-ukraine-what-might-happen-next
Aljazeera,-0.00016,0.22087,0.2157,0.0308,0.3082,0.0,0.0308,https://www.aljazeera.com/news/2023/2/16/russia-ukraine-war-list-of-key-events-day-358
Aljazeera,0.09232,0.38793,0.1398,0.0699,0.4661,0.0,0.0,https://www.aljazeera.com/news/2023/2/15/ukraine-shoots-down-russian-reconnaissance-balloons
Aljazeera,0.0344,0.33565,0.1088,0.1088,0.3263,0.0,0.0,https://www.aljazeera.com/news/2023/2/15/russian-journalist-sentenced-to-penal-colony-in-dissent-crackdown
Aljazeera,0.08684,0.27927,0.2616,0.0916,0.1831,0.0262,0.0,https://www.aljazeera.com/news/2023/2/15/infographic-how-much-have-nato-members-spent-on-ukraine
Aljazeera,0.00194,0.28099,0.2197,0.2197,0.2636,0.0,0.0439,https://www.aljazeera.com/news/2023/2/15/russia-ukraine-war-list-of-key-events-day-357
Aljazeera,0.06587,0.23887,0.121,0.1452,0.4113,0.0242,0.0,https://www.aljazeera.com/news/2023/2/15/possible-war-crime-as-russia-holds-thousands-of-children-study
Aljazeera,0.15243,0.45611,0.317,0.1189,0.2774,0.0,0.0198,https://www.aljazeera.com/news/2023/2/14/russia-prepares-air-fight-as-ukraine-ground-war-depletes-forces
Aljazeera,0.03243,0.36097,0.4781,0.1315,0.1076,0.0239,0.0956,https://www.aljazeera.com/news/2023/2/14/ukraine-confronts-two-enemies-russia-and-corruption
Aljazeera,0.0408,0.31882,0.0829,0.0207,0.1244,0.0,0.0,https://www.aljazeera.com/news/2023/2/14/chinas-xi-conveys-support-for-iran-during-raisis-visit
Aljazeera,0.0619,0.38303,0.0298,0.0298,0.0595,0.0,0.0,https://www.aljazeera.com/news/2023/2/14/nato-chief-hints-finland-sweden-could-join-alliance-separately
Aljazeera,0.11174,0.2718,0.0345,0.0345,0.3102,0.0,0.0,https://www.aljazeera.com/news/2023/2/14/russians-who-fled-war-win-case-to-end-stay-at-south-korea-airport
Aljazeera,0.08401,0.40085,0.3106,0.0621,0.3106,0.0932,0.0,https://www.aljazeera.com/news/2023/2/13/ukraine-nato-in-logistics-race-as-russian-offensive-begins
Aljazeera,-0.0118,0.33989,0.1785,0.0892,0.29,0.0,0.0223,https://www.aljazeera.com/news/2023/2/13/moldovan-president-warns-of-russian-interference
Aljazeera,-0.04583,0.16898,0.1162,0.0,0.3487,0.0,0.0,https://www.aljazeera.com/news/2023/2/13/russia-ukraine-war-list-of-key-events-day-355
Aljazeera,0.12197,0.34924,0.0467,0.0467,0.2335,0.0,0.0467,https://www.aljazeera.com/news/2023/2/12/russia-ukraine-war-list-of-key-events-day-354
Aljazeera,0.02527,0.38524,0.1881,0.0376,0.3386,0.0752,0.0,https://www.aljazeera.com/news/2023/2/11/russia-ukraine-war-list-of-key-events-day-353
Aljazeera,0.06749,0.37613,0.1922,0.1647,0.2746,0.0,0.0,https://www.aljazeera.com/news/2023/2/11/wagner-mercenaries-boss-admits-russia-facing-bakhmut-resistance
Aljazeera,0.06415,0.27234,0.188,0.0188,0.3947,0.0564,0.0564,https://www.aljazeera.com/news/2023/2/10/russia-attacks-ukrainian-power-grid-and-gains-ground-in-the-east
Aljazeera,0.02877,0.38645,0.3287,0.2629,0.1753,0.0219,0.0219,https://www.aljazeera.com/news/2023/2/10/qa-wolfgang-ischinger-on-the-war-in-ukraine-and-western-support
Aljazeera,0.04555,0.30926,0.2858,0.0238,0.1905,0.0,0.0476,https://www.aljazeera.com/news/2023/2/10/romania-denies-russian-missiles-crossed-country
Aljazeera,0.00962,0.32206,0.0734,0.1591,0.2325,0.0489,0.0,https://www.aljazeera.com/news/2023/2/10/why-russia-lionises-inmates-fighting-in-ukraine
Aljazeera,-0.0108,0.27086,0.2254,0.0501,0.3005,0.025,0.0751,https://www.aljazeera.com/news/2023/2/10/russia-ukraine-war-list-of-key-events-day-352
Aljazeera,-0.02167,0.21167,0.0619,0.0619,0.2475,0.0,0.0,https://www.aljazeera.com/news/2023/2/10/ukraines-zaporizhzhia-reports-multiple-russian-missile-attacks
Aljazeera,0.03143,0.15959,0.2023,0.0,0.0578,0.0,0.1156,https://www.aljazeera.com/news/2023/2/9/italy-prime-minister-irked-by-inappropriate-zelenskyy-meeting
Aljazeera,0.06028,0.35124,0.3279,0.1913,0.1639,0.0,0.1093,https://www.aljazeera.com/news/2023/2/9/ukraines-president-says-europe-has-promised-jets-as-uk-hesitates
Aljazeera,-0.05727,0.43763,0.537,0.0948,0.3159,0.0316,0.0632,https://www.aljazeera.com/news/2023/2/9/ukraine-slams-roger-waters-over-un-security-council-speech
Aljazeera,0.06171,0.37454,0.2118,0.0588,0.3647,0.0118,0.0471,https://www.aljazeera.com/news/2023/2/9/ukraine-coils-itself-for-a-counteroffensive-as-allies-pledge-more
Aljazeera,0.05941,0.26663,0.2266,0.1942,0.1457,0.0647,0.0,https://www.aljazeera.com/news/2023/2/9/ukraine-war-tests-spanish-unity
Aljazeera,0.08961,0.26201,0.1239,0.0929,0.2788,0.031,0.062,https://www.aljazeera.com/news/2023/2/9/russia-ukraine-war-list-of-key-events-day-351
Aljazeera,0.02982,0.35126,0.2081,0.1387,0.1387,0.0347,0.0,https://www.aljazeera.com/news/2023/2/8/blinken-says-us-to-share-info-on-alleged-spy-balloon-with-allies
Aljazeera,0.00488,0.27061,0.027,0.0,0.2157,0.027,0.0,https://www.aljazeera.com/news/2023/2/8/us-has-questions-to-answer-over-nord-stream-blasts-russia-says
Aljazeera,0.08636,0.31209,0.2335,0.1401,0.2102,0.0,0.1868,https://www.aljazeera.com/news/2023/2/8/ukraines-zelenskyy-to-meet-pm-sunak-in-first-wartime-trip-to-uk
Aljazeera,-0.06573,0.21966,0.2779,0.139,0.2316,0.0,0.0,https://www.aljazeera.com/news/2023/2/8/russia-ukraine-war-list-of-key-events-day-350
Aljazeera,-0.00024,0.31328,0.2354,0.0942,0.4473,0.0,0.0,https://www.aljazeera.com/news/2023/2/7/nato-role-in-ukraine-threatens-unpredictable-escalation-russia
Aljazeera,0.02214,0.30298,0.2391,0.1063,0.2524,0.0,0.0266,https://www.aljazeera.com/news/2023/2/7/european-countries-promise-ukraine-more-tanks
Aljazeera,0.04147,0.29123,0.3466,0.0315,0.252,0.0315,0.0945,https://www.aljazeera.com/news/2023/2/7/russia-ukraine-war-list-of-key-events-day-349
Aljazeera,0.03144,0.33192,0.2382,0.2722,0.2382,0.034,0.0,https://www.aljazeera.com/news/2023/2/6/un-chief-warns-of-wider-war-as-ukraine-conflict-intensifies
Aljazeera,-0.02452,0.2875,0.303,0.0337,0.2357,0.0,0.1684,https://www.aljazeera.com/news/2023/2/6/russia-ukraine-war-list-of-key-events-day-348
Aljazeera,0.0792,0.3956,0.1877,0.0704,0.0939,0.0,0.0939,https://www.aljazeera.com/news/2023/2/6/ukraine-to-replace-defence-minister-after-corruption-scandals
Aljazeera,0.05436,0.39118,0.3017,0.1392,0.3249,0.0,0.0464,https://www.aljazeera.com/news/2023/2/5/mission-completed-ukraine-minister-says-warplanes-on-the-way
Aljazeera,0.02077,0.31528,0.0284,0.0284,0.3688,0.0,0.0,https://www.aljazeera.com/news/2023/2/5/europe-bans-russian-diesel-and-other-oil-products-over-ukraine
Aljazeera,0.00999,0.31389,0.145,0.0967,0.1209,0.2175,0.1934,https://www.aljazeera.com/news/2023/2/5/putin-promised-not-to-kill-zelenskyy-former-israeli-pm
Aljazeera,0.102,0.278,0.3759,0.1253,0.282,0.0,0.094,https://www.aljazeera.com/news/2023/2/5/russia-ukraine-war-list-of-key-events-day-347
Aljazeera,0.02859,0.34924,0.104,0.0416,0.1871,0.0,0.0832,https://www.aljazeera.com/news/2023/2/5/zelenskyy-says-situation-in-ukraines-east-getting-tougher
Aljazeera,0.00457,0.34787,0.143,0.0572,0.1716,0.0,0.0,https://www.aljazeera.com/news/2023/2/4/fire-at-odesa-power-substation-leaves-port-citys-grid-on-brink
Aljazeera,0.04171,0.34749,0.1252,0.1001,0.3004,0.025,0.025,https://www.aljazeera.com/news/2023/2/4/dozens-of-soldiers-freed-in-russia-ukraine-prisoner-swap
Aljazeera,0.00842,0.28485,0.3923,0.1177,0.3923,0.0392,0.1177,https://www.aljazeera.com/news/2023/2/4/russia-ukraine-war-list-of-key-events-day-346
Aljazeera,0.03296,0.33156,0.2499,0.1458,0.0416,0.0,0.1458,https://www.aljazeera.com/news/2023/2/4/ukraine-will-fight-for-bakhmut-as-long-as-we-can-zelenskyy
Aljazeera,0.01538,0.3971,0.1052,0.0526,0.333,0.0175,0.0351,https://www.aljazeera.com/news/2023/2/3/eu-agrees-price-caps-on-russian-oil-products
Aljazeera,-0.06354,0.28802,0.2704,0.1082,0.3245,0.0541,0.0,https://www.aljazeera.com/news/2023/2/3/ukraines-prosecutor-launches-criminal-case-against-wagner-chief
Aljazeera,0.06856,0.25175,0.0799,0.1597,0.1997,0.0,0.0,https://www.aljazeera.com/news/2023/2/3/poland-calls-to-block-russia-and-belarus-from-the-2024-olympics
Aljazeera,0.0901,0.31342,0.2883,0.032,0.4484,0.032,0.0641,https://www.aljazeera.com/news/2023/2/3/russia-ukraine-war-list-of-key-events-day-345
Aljazeera,0.05728,0.35902,0.1857,0.0929,0.2786,0.1548,0.031,https://www.aljazeera.com/news/2023/2/2/putin-invokes-stalingrad-battle-as-justifying-ukraine-fight
Aljazeera,0.14143,0.37321,0.3888,0.0518,0.2333,0.0,0.1037,https://www.aljazeera.com/news/2023/2/2/top-eu-officials-arrive-in-ukraine-ahead-of-summit
Aljazeera,0.03032,0.39969,0.2473,0.019,0.3044,0.0,0.019,https://www.aljazeera.com/news/2023/2/2/analysis-ukraines-new-weapon-will-force-a-russian-shift
Aljazeera,0.05741,0.25367,0.3017,0.1131,0.3771,0.0377,0.0,https://www.aljazeera.com/news/2023/2/2/russia-ukraine-war-list-of-key-events-day-344
Aljazeera,0.08925,0.33423,0.3138,0.1569,0.0314,0.0,0.1883,https://www.aljazeera.com/news/2023/2/1/home-of-ukrainian-oil-tycoon-raided-in-anti-corruption-purge
Aljazeera,0.01986,0.31271,0.3258,0.0752,0.2256,0.0501,0.0251,https://www.aljazeera.com/news/2023/2/1/western-weapons-deliveries-are-in-a-race-against-a-renewed-russia
Aljazeera,0.09468,0.44807,0.2949,0.1264,0.2106,0.0,0.0,https://www.aljazeera.com/news/2023/2/1/ukrainian-soldiers-killed-by-russian-forces-mourned-by-families
Aljazeera,0.00769,0.26538,0.0991,0.0495,0.2476,0.0,0.0,https://www.aljazeera.com/news/2023/2/1/after-training-belarusian-forces-are-guiding-russian-missiles
Aljazeera,-0.00351,0.4607,0.0738,0.0492,0.0738,0.0,0.0,https://www.aljazeera.com/news/2023/2/1/life-as-a-imprisoned-social-worker-in-donetsk
Aljazeera,0.03663,0.29061,0.1691,0.0845,0.3804,0.0,0.0423,https://www.aljazeera.com/news/2023/2/1/russia-ukraine-war-list-of-key-events-day-343
Aljazeera,0.05018,0.3542,0.1448,0.0579,0.0869,0.0,0.0,https://www.aljazeera.com/news/2023/2/1/us-readying-new-2-billion-ukraine-weapons-package-report
Aljazeera,0.01394,0.29489,0.2565,0.0855,0.3633,0.0427,0.0,https://www.aljazeera.com/news/2023/1/31/russia-claims-village-near-embattled-ukrainian-city-of-bakhmut
Aljazeera,-0.02164,0.35808,0.1815,0.1296,0.1037,0.0259,0.0,https://www.aljazeera.com/news/2023/1/31/natos-stoltenberg-calls-for-stronger-partnership-with
Aljazeera,-0.03717,0.28616,0.4015,0.0365,0.292,0.0365,0.0,https://www.aljazeera.com/news/2023/1/31/russia-ukraine-war-list-of-key-events-day-342
Aljazeera,0.05062,0.25679,0.1883,0.0784,0.3452,0.0,0.1255,https://www.aljazeera.com/news/2023/1/30/ukraines-zelenskyy-says-russias-big-revenge-has-begun
Aljazeera,-0.05517,0.38604,0.1685,0.2696,0.2359,0.0,0.0,https://www.aljazeera.com/news/2023/1/30/croatian-president-slams-western-arms-to-ukraine
Aljazeera,0.01159,0.33546,0.1506,0.3389,0.0753,0.0,0.0377,https://www.aljazeera.com/news/2023/1/30/iran-summons-ukraine-envoy-over-drone-attack-comments
Aljazeera,0.07926,0.30172,0.2721,0.1511,0.2721,0.1511,0.0907,https://www.aljazeera.com/news/2023/1/30/uks-johnson-says-putin-threatened-him-with-missile-strike
Aljazeera,0.02833,0.21167,0.3399,0.0784,0.3399,0.0523,0.0523,https://www.aljazeera.com/news/2023/1/30/russia-ukraine-war-list-of-key-events-day-341
Aljazeera,-0.09596,0.23763,0.0776,0.0,0.1164,0.0,0.0388,https://www.aljazeera.com/news/2023/1/30/missile-hits-kharkiv-apartment-block-killing-at-least-one
Aljazeera,-0.0324,0.28606,0.1999,0.0286,0.3427,0.0,0.0571,https://www.aljazeera.com/news/2023/1/29/control-of-blahodatne-disputed-while-attacks-continue-in-ukraine
Aljazeera,0.01038,0.31024,0.2731,0.2731,0.2458,0.1365,0.0546,https://www.aljazeera.com/news/2023/1/29/germanys-scholz-says-he-will-continue-talks-with-putin
Aljazeera,0.00371,0.26987,0.1382,0.0,0.1036,0.0,0.0,https://www.aljazeera.com/news/2023/1/29/wanted-to-helppeople-mourn-british-volunteer-killed-in-ukraine
Aljazeera,0.08939,0.26133,0.2294,0.1434,0.3155,0.0,0.1434,https://www.aljazeera.com/news/2023/1/29/russia-ukraine-war-list-of-key-events-day-340
Aljazeera,0.06034,0.35661,0.152,0.0304,0.304,0.0,0.0,https://www.aljazeera.com/news/2023/1/29/north-korea-denies-arming-russias-wagner-group
Aljazeera,0.03494,0.24669,0.2207,0.1324,0.3752,0.0,0.0221,https://www.aljazeera.com/news/2023/1/28/russia-14-civilians-killed-in-deliberate-hospital-attack
Aljazeera,0.01331,0.236,0.2889,0.1238,0.454,0.0,0.0413,https://www.aljazeera.com/news/2023/1/28/russia-ukraine-war-list-of-key-events-day-339
Aljazeera,-0.01577,0.39312,0.1196,0.0718,0.3589,0.0,0.1435,https://www.aljazeera.com/news/2023/1/28/zelenskyy-says-olympics-chief-should-visit-ukraine-front-line
Aljazeera,0.01984,0.38667,0.3394,0.2037,0.3394,0.0,0.0,https://www.aljazeera.com/news/2023/1/28/north-korea-condemns-us-sending-battle-tanks-to-ukraine
Aljazeera,-0.04633,0.36821,0.1538,0.1026,0.2564,0.0513,0.0,https://www.aljazeera.com/news/2023/1/28/russias-megalomania-in-ukraine-war-cited-at-auschwitz-memorial
Aljazeera,-0.03142,0.23041,0.1532,0.1787,0.3829,0.0255,0.0255,https://www.aljazeera.com/news/2023/1/27/ukraine-warns-it-may-boycott-2024-olympics-if-russians-take-part
Aljazeera,0.07262,0.26786,0.2564,0.1923,0.3846,0.0,0.0,https://www.aljazeera.com/news/2023/1/27/russias-lavrov-meets-eritrean-president-in-surprise-visit
Aljazeera,0.02022,0.24205,0.2758,0.0306,0.3065,0.0,0.0,https://www.aljazeera.com/news/2023/1/27/russia-ukraine-war-list-of-key-events-day-338
Aljazeera,0.10196,0.34955,0.154,0.0,0.2695,0.0,0.0,https://www.aljazeera.com/news/2023/1/27/un-says-blasts-near-zaporizhzhia-plant-russia-dismisses-concerns
Aljazeera,0.05439,0.41088,0.2818,0.1761,0.4756,0.0528,0.0,https://www.aljazeera.com/news/2023/1/26/russia-nato-war-involvement-growing-with-arms-to-ukraine
Aljazeera,-0.04916,0.29394,0.204,0.136,0.442,0.136,0.0,https://www.aljazeera.com/news/2023/1/26/fresh-us-sanctions-target-russias-wagner-mercenary-group
Aljazeera,-0.01794,0.28136,0.1274,0.0425,0.5098,0.0212,0.0,https://www.aljazeera.com/news/2023/1/26/russia-labels-news-outlet-meduza-undesirable-organisation
Aljazeera,0.05226,0.36747,0.2645,0.0756,0.1889,0.0,0.0,https://www.aljazeera.com/news/2023/1/26/ukraine-rocked-by-rush-hour-missile-strike
Aljazeera,0.00194,0.38561,0.208,0.104,0.0446,0.0,0.0594,https://www.aljazeera.com/news/2023/1/26/ukraine-corruption-scandal-battle-tanks
Aljazeera,0.05278,0.37322,0.3078,0.1026,0.2394,0.0,0.0684,https://www.aljazeera.com/news/2023/1/26/russia-ukraine-war-list-of-key-events-day-337
Aljazeera,0.10264,0.30282,0.1313,0.0657,0.1751,0.0,0.0438,https://www.aljazeera.com/news/2023/1/26/unesco-designates-odesa-as-world-heritage-site-amid-war-threats
Aljazeera,0.05679,0.41127,0.2981,0.072,0.1851,0.0103,0.0,https://www.aljazeera.com/news/2023/1/25/germany-wavered-before-allowing-leopard-2-tanks-to-ukraine
Aljazeera,0.09846,0.39892,0.3691,0.1615,0.1615,0.0,0.0,https://www.aljazeera.com/news/2023/1/25/ukraine-eyes-fighter-jets-after-securing-advanced-nato-tanks
Aljazeera,0.07936,0.29964,0.3038,0.1168,0.2804,0.0467,0.0,https://www.aljazeera.com/news/2023/1/25/us-will-send-dozens-of-abrams-tanks-to-ukraine-biden-announces
Aljazeera,0.05248,0.34659,0.2622,0.0477,0.3337,0.0,0.0,https://www.aljazeera.com/news/2023/1/25/echr-says-it-can-hear-case-against-russia-over-mh17-downing
Aljazeera,0.08448,0.34198,0.3835,0.0,0.0605,0.0,0.0202,https://www.aljazeera.com/news/2023/1/25/which-countries-are-supplying-tanks-to-ukraine
Aljazeera,0.00345,0.43618,0.1921,0.1921,0.2882,0.0,0.0,https://www.aljazeera.com/news/2023/1/25/russia-denounces-germany-over-dangerous-tanks-decision
Aljazeera,0.13194,0.36774,0.254,0.0726,0.254,0.0,0.0,https://www.aljazeera.com/news/2023/1/25/abrams-vs-leopard-tanks-why-are-they-important-in-ukraine
Aljazeera,0.06277,0.31301,0.2326,0.1453,0.1744,0.0,0.0291,https://www.aljazeera.com/news/2023/1/25/germany-to-send-leopard-2-tanks-to-ukraine
Aljazeera,-0.0066,0.39899,0.0636,0.1527,0.2672,0.1145,0.0,https://www.aljazeera.com/news/2023/1/25/russian-saboteurs-seek-to-hamper-putins-war-machine
Aljazeera,0.07345,0.27885,0.1701,0.0425,0.1276,0.0,0.0,https://www.aljazeera.com/news/2023/1/25/two-british-volunteers-confirmed-killed-in-evacuation-effort
Aljazeera,0.10321,0.29231,0.4627,0.1157,0.347,0.0578,0.0578,https://www.aljazeera.com/news/2023/1/25/russia-ukraine-war-list-of-key-events-day-336
Aljazeera,0.08228,0.34139,0.296,0.0493,0.1973,0.0,0.0493,https://www.aljazeera.com/news/2023/1/24/germany-clears-the-way-for-leopard-2-tank-deliveries-to-ukraine
Aljazeera,0.02324,0.3121,0.2215,0.1329,0.3545,0.0,0.0,https://www.aljazeera.com/news/2023/1/24/while-ukraine-has-energy-reserves-russia-boasts-weapons-supply
Aljazeera,0.0945,0.41796,0.1195,0.1195,0.1195,0.0,0.0,https://www.aljazeera.com/news/2023/1/24/as-pressure-mounts-germans-remain-conflicted-over-leopard-tanks
Aljazeera,0.04827,0.33874,0.1265,0.1582,0.2689,0.0,0.0,https://www.aljazeera.com/news/2023/1/24/why-is-south-africa-neutral-in-ukraine-russia-war
Aljazeera,0.03085,0.28587,0.2004,0.1603,0.3206,0.0,0.0,https://www.aljazeera.com/news/2023/1/24/russian-military-reforms-respond-to-western-involvement-general
Aljazeera,0.0451,0.21061,0.3132,0.0,0.3132,0.0,0.0783,https://www.aljazeera.com/news/2023/1/24/russia-ukraine-war-list-of-key-events-day-335
Aljazeera,0.0622,0.3247,0.1322,0.0331,0.0331,0.0,0.1653,https://www.aljazeera.com/news/2023/1/24/ukraines-zelenskyy-renews-war-on-corruption-amid-scandals
Aljazeera,0.10127,0.42432,0.3175,0.1954,0.0488,0.0,0.0,https://www.aljazeera.com/news/2023/1/23/poland-urges-more-tanks-for-kyiv-will-seek-berlins-approval
Aljazeera,0.06303,0.29335,0.0597,0.0,0.2687,0.0,0.0,https://www.aljazeera.com/news/2023/1/23/ex-fbi-agent-violated-sanctions-by-aiding-russian-oligarch-doj
Aljazeera,0.00464,0.35417,0.0333,0.0,0.2329,0.0,0.0,https://www.aljazeera.com/news/2023/1/23/former-wagner-group-fighter-arrested-in-norway
Aljazeera,-0.00692,0.27655,0.17,0.034,0.4759,0.0,0.0,https://www.aljazeera.com/news/2023/1/23/moscow-expels-estonian-envoy-downgrades-ties
Aljazeera,0.00729,0.24,0.1418,0.0567,0.4255,0.0,0.0,https://www.aljazeera.com/news/2023/1/23/russias-lavrov-in-south-africa-for-talks-amid-western-rivalry
Aljazeera,-0.00655,0.22679,0.3329,0.0605,0.1816,0.0303,0.0605,https://www.aljazeera.com/news/2023/1/23/russia-ukraine-war-list-of-key-events-day-334
Aljazeera,0.05108,0.39964,0.3275,0.131,0.0655,0.0,0.0,https://www.aljazeera.com/news/2023/1/22/germany-would-not-block-poland-sending-tanks-to-ukraine
Aljazeera,0.08478,0.34912,0.2377,0.1056,0.2377,0.0,0.0,https://www.aljazeera.com/news/2023/1/22/russia-advances-towards-two-towns-in-zaporizhzhia-region
Aljazeera,-0.03468,0.21703,0.136,0.102,0.068,0.034,0.0,https://www.aljazeera.com/news/2023/1/22/france-germany-renew-alliance-strained-amid-war-in-ukraine
Aljazeera,-0.02196,0.34279,0.0171,0.0171,0.0171,0.0,0.0,https://www.aljazeera.com/news/2023/1/22/timeline-political-tensions-between-sweden-and-turkey
Aljazeera,-0.02172,0.21898,0.2144,0.0429,0.2573,0.0,0.0858,https://www.aljazeera.com/news/2023/1/22/russia-ukraine-war-list-of-key-events-day-333
Aljazeera,0.05873,0.32794,0.3449,0.0363,0.1815,0.0182,0.0182,https://www.aljazeera.com/news/2023/1/21/indecision-is-killing-more-of-our-people-ukraine-says
Aljazeera,0.04553,0.33627,0.2679,0.2233,0.2233,0.0,0.0,https://www.aljazeera.com/news/2023/1/21/what-is-stopping-the-supply-of-german-made-leopard-2-tanks
Aljazeera,-0.05687,0.45589,0.4685,0.0521,0.3644,0.0,0.0521,https://www.aljazeera.com/news/2023/1/21/russia-ukraine-war-list-of-key-events-day-332
Aljazeera,0.05819,0.32297,0.05,0.0,0.225,0.075,0.0,https://www.aljazeera.com/news/2023/1/21/kremlin-silent-on-missile-systems-seen-on-moscow-rooftops
Aljazeera,0.01371,0.23858,0.1345,0.0384,0.3267,0.0769,0.0,https://www.aljazeera.com/news/2023/1/21/us-deems-russias-wagner-mercenaries-a-criminal-organisation
Aljazeera,0.07068,0.50042,0.418,0.1194,0.1393,0.0,0.0398,https://www.aljazeera.com/news/2023/1/20/no-leopard-tanks-for-ukraine-as-nato-allies-fail-to-agree
Aljazeera,0.04567,0.31887,0.1617,0.2611,0.2984,0.0746,0.0124,https://www.aljazeera.com/news/2023/1/20/russias-atrocities-in-ukraine-rehearsed-in-chechnya
Aljazeera,0.04126,0.38432,0.2854,0.1427,0.2854,0.0357,0.0714,https://www.aljazeera.com/news/2023/1/20/russia-claims-capture-of-village-near-ukraines-bakhmut
Aljazeera,0.0335,0.40967,0.1243,0.1243,0.373,0.0207,0.0414,https://www.aljazeera.com/news/2023/1/20/mapping-the-battle-for-bakhmut
